ID Number,Model
80441,Volkswagen
95990,Chevrolet
202372,Cadilac
238850,Dodge
292849,Kia
662056,Chevrolet
852812,Chevrolet
888432,Toyta
1064251,Chevrolet
1086054,Ford
1383349,Mercedes
2122934,Dodge
2253516,Cadilac
3121851,Kia
3354942,Honda
3574739,Honda
4245668,Honda
4253488,Chevrolet
4650001,Volkswagen
5546697,Ford
5956645,Chrysler
5967252,Chevrolet
6065008,Toyta
6122262,Volvo
6174530,Tesla
6186423,Dodge
6427178,Acura
6465679,Ford
6559652,Chevrolet
6685167,Ford
6779970,Dodge
7505467,Chevrolet
7610111,Chevrolet
7656272,Hyundai
7712178,Cadilac
8047180,Ford
8156962,Dodge
8278902,Hyundai
8696859,Volkswagen
8776539,Ford
8921457,Chevrolet
8952817,Chrysler
9075861,Hyundai
9091771,Ford
9107766,Ford
9121275,Chevrolet
9210303,Chevrolet
9306585,Kia
9857663,Dodge
9927903,Chevrolet
9937888,Honda
10363514,Toyta
10395904,Chevrolet
10497442,Toyta
10794415,Hyundai
11183759,Ford
11215137,Acura
11320872,Volkswagen
11678032,Toyta
11795405,Chevrolet
11980523,Dodge
12001970,Volvo
12237050,Dodge
12252858,Dodge
12277878,Chevrolet
12286382,Chrysler
12971984,Hyundai
13114760,Dodge
13249562,Chrysler
13312507,Hyundai
13391487,Hyundai
13610627,Ford
13926856,Chevrolet
14120290,Toyta
14183292,Cadilac
14922617,Ford
14951227,Chevrolet
15068001,Acura
15569093,Volkswagen
15697877,Chrysler
15790941,Chevrolet
15869876,Chevrolet
15890813,Kia
16017218,Volkswagen
16252529,Kia
16289814,Acura
16355454,Volkswagen
16521170,Dodge
16641352,Chevrolet
16691383,Hyundai
16986081,Ford
17123211,Honda
17221343,Chevrolet
17422715,Chevrolet
17753949,Toyta
18150860,Kia
18307885,Acura
18414311,Volkswagen
18707330,Dodge
19222031,Ford
19492787,Hyundai
19778103,Volvo
19783520,Chevrolet
20070110,Honda
20382901,Honda
20404877,Ford
20420626,Chevrolet
20617860,Dodge
20923237,Chevrolet
21419359,Toyta
21514254,Chevrolet
21558296,Chevrolet
21678308,Mercedes
21817569,Ford
